,battery_capacity_kwh,energy_consumed_kwh,charging_duration_hours,charging_rate_kw,charging_cost_usd,state_of_charge_start_pct,state_of_charge_end_pct,distance_driven_since_last_charge_km,temperature_degc,vehicle_age_years,start_hour,charging_duration_minutes
count,1254.0,1254.0,1254.0,1191.0,1254.0,1254.0,1254.0,1193.0,1254.0,1254.0,1254.0,1254.0
mean,74.41628929468877,42.64289425435557,2.278612992814074,25.867921507785713,22.526876356229817,49.29086911902366,74.97659155916169,154.19609391626267,15.221160897260972,3.594336761857526,11.47846889952153,136.71677956884443
std,20.695097395547016,22.41170458757918,1.0656153732523261,13.977264010112266,10.778289183869173,24.220230483857648,16.89483979992018,85.70177597251661,14.797535849973995,2.317560397548855,6.913380312307967,63.93692239513956
min,1.5328065298450655,0.0457718422773702,0.0953144165458864,1.4725491393748178,0.2343169936142865,2.3259589947386745,7.604224497783735,1.899537885161329,-10.724769747493202,0.0,0.0,5.7188649927531845
25%,62.0,23.881192998338534,1.4001849651244231,13.812153900278595,13.19976326370664,27.779656388146947,62.039962934713586,81.04832191522404,2.8254237619526568,2.0,6.0,84.01109790746538
50%,75.0,42.69140537961698,2.2821197072373507,25.58416841581989,22.029496341946185,48.749908860316,75.36142313294513,153.22096912222145,14.528447818986685,4.0,11.0,136.92718243424105
75%,85.0,61.20621838430286,3.1336257951581095,37.47075857386018,31.6797955613786,69.62569435989073,88.20396472178324,225.6350477231055,27.93559044760898,6.0,17.0,188.01754770948656
max,193.0030738908944,152.23875799921288,7.635144759342236,97.34225469987976,69.40774319393012,152.48976092167763,177.70866647340375,398.3647747436511,73.16958797465479,11.688592472503668,23.0,458.1086855605341
